Date,Date,ODC,R2000,Rentabilidad_ODC,Rentabilidad_R2000,Mkt-RF,SMB,HML,RF,Market Premium,ODC Premium,residuos,residuos_normalizados,intervencion,residuos_outlier
2015-02-01,2015-02-01,11.401437759399414,1233.3699951171875,-0.0081642266517213,0.056694448796188,0.0613,0.0060999999999999,-0.0179,0.0,0.056694448796188,-0.0081642266517213,-0.04987192900854426,-0.47387034631685154,0,-0.04176892647279812
2015-03-01,2015-03-01,12.712556838989258,1252.77001953125,0.1149959423765611,0.0156068588870214,-0.0111,0.0305,-0.0038,0.0,0.0156068588870214,0.1149959423765611,0.09418933120193723,0.8949629958842745,0,0.09905906840458875
2015-04-01,2015-04-01,12.3989896774292,1220.1300048828125,-0.0246659397894176,-0.0263997007507218,0.0059,-0.0299,0.018,0.0,-0.0263997007507218,-0.0246659397894176,-0.024103983589319943,-0.2290299027561147,0,-0.02253982730147856
2015-05-01,2015-05-01,11.741641998291016,1246.530029296875,-0.0530162292444522,0.0214063001360329,0.0137,0.0095,-0.0111,0.0,0.0214063001360329,-0.0530162292444522,-0.0767729927794206,-0.7294773913784715,0,-0.0714468858460742
2015-06-01,2015-06-01,11.55099868774414,1253.949951171875,-0.0162365119439532,0.0059348154847655,-0.0152,0.0294,-0.0081999999999999,0.0,0.0059348154847655,-0.0162365119439532,-0.032122993670350736,-0.30522449076905,0,-0.02801436907376433
2015-07-01,2015-07-01,9.984502792358398,1238.6800537109375,-0.135615624045376,-0.0122521902184314,0.0157,-0.0417,-0.0416,0.0,-0.0122521902184314,-0.135615624045376,-0.14225044936228218,-1.3516274794881857,0,-0.13957299693186417
2015-08-01,2015-08-01,8.878070831298828,1159.449951171875,-0.1108149283013245,-0.0661006272144983,-0.0602,0.0037,0.0275,0.0,-0.0661006272144983,-0.1108149283013245,-0.09005727101796501,-0.8557012141704466,0,-0.09161726071948062
2015-09-01,2015-09-01,8.783226013183594,1100.68994140625,-0.010683043638362,-0.0520085099904898,-0.0306,-0.0263,0.0055,0.0,-0.0520085099904898,-0.010683043638362,0.002906010480382847,0.02761217021510225,0,0.0024549579102741
2015-10-01,2015-10-01,12.0357027053833,1161.8599853515625,0.3703054762928508,0.0540849539910925,0.0775,-0.019,-0.0046999999999999,0.0,0.0540849539910925,0.3703054762928508,0.32992521341304154,3.134865208681101,0,0.337822869538622
2015-11-01,2015-11-01,11.974332809448242,1198.1099853515625,-0.0050989873576395,0.0307231463155679,0.0056999999999999,0.0358,-0.0043,0.0,0.0307231463155679,-0.0050989873576395,-0.03359519294699668,-0.31921295271428796,0,-0.02753592459355577
2015-12-01,2015-12-01,14.225913047790527,1135.8900146484375,0.188033878310589,-0.0533288054306769,-0.0215,-0.0279999999999999,-0.0256999999999999,0.0001,-0.0534288054306769,0.187933878310589,0.202245430988306,1.9216844892245917,0,0.20168261250494557
2016-01-01,2016-01-01,14.484705924987791,1035.3800048828125,0.0181916532406656,-0.0926479837118532,-0.0574,-0.034,0.0208,0.0001,-0.0927479837118532,0.0180916532406656,0.052404713241659864,0.49793621594637255,0,0.048747789303505346
2016-02-01,2016-02-01,14.229779243469238,1033.9000244140625,-0.0175997139906566,-0.0014304305846954,-0.0006,0.0073,-0.0060999999999999,0.0002,-0.0016304305846954,-0.0177997139906566,-0.02983778557026432,-0.28351102639496295,0,-0.02632448544772941
2016-03-01,2016-03-01,13.12230110168457,1114.030029296875,-0.0778282025909112,0.0746460141985628,0.0695,0.0075,0.0121999999999999,0.0002,0.0744460141985628,-0.0780282025909112,-0.12876605463337026,-1.2235022008576384,0,-0.11926614560711092
2016-04-01,2016-04-01,12.959147453308104,1130.8499755859375,-0.0124333108280467,0.0149854433319224,0.0092,0.0077,0.0322,0.0001,0.0148854433319224,-0.0125333108280467,-0.03297294082098736,-0.3133004717593621,0,-0.02815997326362809
2016-05-01,2016-05-01,12.62895393371582,1154.7900390625,-0.0254795711509553,0.0209490023329474,0.0178,-0.0018,-0.0162,0.0001,0.0208490023329474,-0.0255795711509553,-0.04905283954241005,-0.46608756717239525,0,-0.04377058749738661
2016-06-01,2016-06-01,13.505373001098633,1151.9200439453125,0.0693975979311332,-0.002488389520006,-0.0003,0.006,-0.0149,0.0002,-0.002688389520006,0.0691975979311332,0.05769770579263735,0.5482288808391723,0,0.06112775299240557
2016-07-01,2016-07-01,14.647446632385254,1219.93994140625,0.0845643901278192,0.0573714756103778,0.0394,0.0245,-0.0124,0.0002,0.0571714756103778,0.0843643901278192,0.0424140261556088,0.40300725603789944,0,0.050554566893636604
2016-08-01,2016-08-01,14.780426025390623,1239.9100341796875,0.0090786740066597,0.016237194726069,0.0049,0.0116999999999999,0.0317,0.0002,0.016037194726069,0.0088786740066597,-0.01214684727271323,-0.11541624393137823,0,-0.007243246074800442
2016-09-01,2016-09-01,14.81061553955078,1251.6500244140625,0.0020425334228049,0.0094238764816637,0.0027,0.0208,-0.0118999999999999,0.0002,0.0092238764816637,0.0018425334228049,-0.015717080360059327,-0.14933968790409335,0,-0.01134963291883262
2016-10-01,2016-10-01,13.283906936645508,1191.3900146484375,-0.1030820494143742,-0.0493419953997903,-0.0200999999999999,-0.0438999999999999,0.0411,0.0002,-0.0495419953997902,-0.1032820494143742,-0.09094770131456126,-0.8641618556857726,0,-0.09120465887599923
2016-11-01,2016-11-01,15.625117301940918,1322.3399658203125,0.1762441107470314,0.1042821636108165,0.0486,0.0559999999999999,0.0828999999999999,0.0001,0.1041821636108165,0.1761441107470314,0.11027959949562344,1.0478486203275128,0,0.12211950610380258
2016-12-01,2016-12-01,15.118915557861328,1357.1300048828125,-0.0323966684088004,0.0259693108233552,0.0181,0.0014,0.0347,0.0003,0.0256693108233551,-0.0326966684088004,-0.058622008277483914,-0.5570113672459189,0,-0.052960436433676664
2017-01-01,2017-01-01,13.314614295959473,1361.8199462890625,-0.1193406534348741,0.0034498215427481,0.0194,-0.0116,-0.0276,0.0004,0.0030498215427481,-0.1197406534348741,-0.13415955038505323,-1.2747498215235764,0,-0.13027795178146215
2017-02-01,2017-02-01,13.95956802368164,1386.6800537109375,0.0484395351893813,0.0180904387141862,0.0355,-0.0215,-0.015,0.0004,0.0176904387141862,0.0480395351893813,0.026173015364743223,0.2486893148432715,0,0.03120671366705526
2017-03-01,2017-03-01,14.840631484985352,1385.9200439453125,0.0631153814938281,-0.0005482289243968,0.0017,0.0113,-0.0333,0.0003,-0.0008482289243967,0.0628153814938281,0.05037940708611795,0.4786922735442274,0,0.05395426023518286
2017-04-01,2017-04-01,16.20244598388672,1400.4300537109375,0.0917625709040177,0.01041515992029,0.0108,0.0066,-0.0204999999999999,0.0005,0.00991515992029,0.0912625709040177,0.07335130402552498,0.6969653777661806,0,0.07777314995501527
2017-05-01,2017-05-01,13.725692749023438,1370.2099609375,-0.1528629218900902,-0.0218153864165518,0.0107,-0.0252,-0.0382,0.0006,-0.0224153864165518,-0.1534629218900902,-0.1549277703135086,-1.4720841489805234,0,-0.1530500802934307
2017-06-01,2017-06-01,16.824329376220703,1415.3599853515625,0.2257544798544124,0.032419921091938,0.0079,0.0220999999999999,0.015,0.0006,0.031819921091938,0.2251544798544124,0.19610034936223356,1.8632954913217157,0,0.20224592513527465
2017-07-01,2017-07-01,16.56401252746582,1425.1400146484375,-0.0154726433924202,0.0068861594392547,0.0187999999999999,-0.0144999999999999,-0.0023,0.0007,0.0061861594392546,-0.0161726433924202,-0.03218698277419458,-0.305832498909136,0,-0.028058579414810714
2017-08-01,2017-08-01,16.299697875976562,1405.280029296875,-0.0159571632206254,-0.0140334727530764,0.0018,-0.0167,-0.0213,0.0009,-0.0149334727530764,-0.0168571632206254,-0.022128030932187834,-0.21025490470499708,0,-0.019661574033186125
2017-09-01,2017-09-01,19.70787239074707,1490.8599853515625,0.2090943366375932,0.0591165328005352,0.0249,0.0445,0.0315,0.0009,0.0582165328005352,0.2081943366375931,0.16571235628996664,1.5745565336094092,0,0.17393513468640925
2017-10-01,2017-10-01,16.9206600189209,1502.530029296875,-0.1414263456026222,0.0077972486134667,0.0226,-0.0192999999999999,0.0013,0.0009,0.0068972486134667,-0.1423263456026222,-0.15870241317779363,-1.5079498425055269,0,-0.1545180527768602
2017-11-01,2017-11-01,18.161205291748047,1544.1400146484375,0.0733154186326039,0.027316757105198,0.0312,-0.006,-0.0009,0.0008,0.026516757105198,0.0725154186326039,0.046158986260126135,0.4385909115521345,0,0.051887245361346146
2017-12-01,2017-12-01,16.805931091308594,1535.510009765625,-0.0746246836962551,-0.0056045507795594,0.0106,-0.0132,0.0005,0.0009,-0.0065045507795594,-0.0755246836962551,-0.08508331000172854,-0.8084399055307371,0,-0.08195356422955173
2018-01-01,2018-01-01,15.748985290527344,1574.97998046875,-0.0628912373279849,0.0253799816092969,0.0558,-0.0316,-0.0132,0.0011,0.0242799816092969,-0.0639912373279849,-0.08920983103196711,-0.8476490556189141,0,-0.08365758830661146
2018-02-01,2018-02-01,14.602946281433104,1512.449951171875,-0.0727690697497542,-0.0405117411422498,-0.0364,0.0027,-0.011,0.0011,-0.0416117411422497,-0.0738690697497542,-0.06556880998905548,-0.6230181048696618,0,-0.0652017198458163
2018-03-01,2018-03-01,16.374361038208008,1529.4300537109375,0.1213052984401623,0.0111643318483088,-0.0235,0.0405,-0.0021,0.0012,0.0099643318483088,0.1201052984401623,0.1021690180003145,0.970783944097431,0,0.1065947333680117
2018-04-01,2018-04-01,15.791740417480469,1541.8800048828125,-0.0355812736367574,0.0081073021786637,0.0027,0.0109,0.0053,0.0014,0.0067073021786637,-0.0369812736367574,-0.053260716227053154,-0.5060697379336028,0,-0.049091303094240125
2018-05-01,2018-05-01,15.852861404418944,1633.6099853515625,0.0038704401999174,0.057789826624131,0.0266,0.0524,-0.0314,0.0014,0.056389826624131,0.0024704401999174,-0.039082302087250505,-0.37135006391616204,0,-0.031003270884716688
2018-06-01,2018-06-01,17.274505615234375,1643.0699462890625,0.0896774515684057,0.0057741295568803,0.0049,0.0111,-0.0233,0.0014,0.0043741295568803,0.0882774515684057,0.0731848844755415,0.6953841016585118,0,0.07717069554819925
2018-07-01,2018-07-01,17.36469268798828,1670.800048828125,0.005220819325467,0.016736172416226,0.032,-0.0223,0.0049,0.0016,0.0151361724162259,0.003620819325467,-0.01694635554086833,-0.16101994706448944,0,-0.012113657606086846
2018-08-01,2018-08-01,16.663711547851562,1740.75,-0.0403681857624587,0.0410134719752378,0.0345,0.0113999999999999,-0.0391,0.0016,0.0394134719752378,-0.0419681857624587,-0.07488512494600613,-0.7115393528504793,0,-0.06814199733601523
2018-09-01,2018-09-01,15.900026321411133,1696.5699462890625,-0.0458292394372903,-0.0257075206875739,0.0006,-0.0229,-0.0162,0.0015,-0.0272075206875739,-0.0473292394372903,-0.04635634849518732,-0.4404661971594405,0,-0.0448557611877359
2018-10-01,2018-10-01,12.753835678100586,1511.4100341796875,-0.1978732977991272,-0.1155655215737511,-0.0765,-0.047,0.0338,0.0019,-0.1174655215737511,-0.1997732977991272,-0.15288652603277753,-1.4526887665789001,0,-0.1584885228862577
2018-11-01,2018-11-01,12.118821144104004,1533.27001953125,-0.0497900827659992,0.0143597097851692,0.0171,-0.0073,0.0036,0.0018,0.0125597097851692,-0.0515900827659992,-0.07084662148895658,-0.6731665232880614,0,-0.06621667059593211
2018-12-01,2018-12-01,11.010638236999512,1348.56005859375,-0.0914431275061469,-0.1283653224253253,-0.0955,-0.0231,-0.0192,0.0019,-0.1302653224253253,-0.0933431275061469,-0.03994514869883481,-0.37954861229354137,0,-0.04655438770147491
2019-01-01,2019-01-01,11.02725887298584,1499.4200439453125,0.0015095070447848,0.1060409960358352,0.0837,0.0276,-0.0039,0.0021,0.1039409960358351,-0.0005904929552151,-0.06633232323443611,-0.6302728129428955,0,-0.05451139458922285
2019-02-01,2019-02-01,12.111701011657717,1575.550048828125,0.0983419498138835,0.0495260526847446,0.0342,0.0204999999999999,-0.0266,0.0018,0.0477260526847446,0.0965419498138835,0.05939643436794427,0.5643697663890598,0,0.06679369572235816
2019-03-01,2019-03-01,13.0507230758667,1539.739990234375,0.0775301556160574,-0.022990883998883,0.011,-0.0302999999999999,-0.0414,0.0019,-0.024890883998883,0.0756301556160574,0.075424582823164,0.7166651439749484,0,0.07710747094483886
2019-04-01,2019-04-01,13.331517219543455,1591.2099609375,0.0215156004800991,0.0328811438933224,0.0397,-0.0174,0.0213,0.0021,0.0307811438933223,0.019415600480099,-0.009110108243018795,-0.08656192439164952,0,-0.0030462759431899022
2019-05-01,2019-05-01,12.317299842834473,1465.489990234375,-0.0760766655442775,-0.0823050576819444,-0.0692,-0.0126,-0.0245,0.0021,-0.0844050576819444,-0.0781766655442775,-0.048107618347708235,-0.4571063165212998,0,-0.051108020606963823
2019-06-01,2019-06-01,14.363269805908203,1566.5699462890625,0.1661053955964191,0.066698830858783,0.0699,0.0011,-0.0064,0.0018,0.064898830858783,0.1643053955964191,0.11842415719226426,1.125236129754781,0,0.1271727791026463
2019-07-01,2019-07-01,14.949783325195312,1574.6099853515625,0.0408342617811059,0.0051191315335243,0.0123,-0.0196,0.005,0.0019,0.0032191315335243,0.0389342617811059,0.02442923752185135,0.23212038264557658,0,0.02832415947015391
2019-08-01,2019-08-01,12.979259490966797,1494.8399658203125,-0.1318095246843834,-0.0519884584256702,-0.0255,-0.0239,-0.0476999999999999,0.0016,-0.0535884584256702,-0.1334095246843833,-0.11901675717237586,-1.1308668635841208,0,-0.11959213907196924
2019-09-01,2019-09-01,14.486713409423828,1523.3699951171875,0.1161432914956495,0.0189058279261869,0.0141,-0.0097,0.0676,0.0018,0.0171058279261869,0.1143432914956495,0.09277416081973208,0.8815164079450349,0,0.0977618549198417
2019-10-01,2019-10-01,14.890779495239258,1562.449951171875,0.0278921846795545,0.025330088100471,0.0207,0.0027,-0.0192,0.0015,0.023830088100471,0.0263921846795545,0.001402449988014677,0.013325721998816624,0,0.006919289685621877
2019-11-01,2019-11-01,15.43519687652588,1624.5,0.0365607039887116,0.0389450052616099,0.0387,0.0072,-0.02,0.0012,0.0377450052616099,0.0353607039887116,0.003292507089466927,0.031284562393186714,0,0.009904339688080382
2019-12-01,2019-12-01,15.532835006713867,1668.469970703125,0.0063256809076712,0.0267069451397453,0.0277,0.0076,0.0173,0.0014,0.0253069451397453,0.0049256809076711,-0.020815325000048235,-0.19778190782996935,0,-0.015182268442859376
2020-01-01,2020-01-01,15.168617248535156,1614.06005859375,-0.0234482474075905,-0.0331542410866909,-0.0011,-0.031,-0.0622,0.0013,-0.0344542410866909,-0.0247482474075905,-0.02008897904182522,-0.19088035383734123,0,-0.019158650780886216
2020-02-01,2020-02-01,13.039012908935549,1476.4300537109375,-0.1403954167150777,-0.0891257321373237,-0.0815,0.0108,-0.0382,0.0012,-0.0903257321373237,-0.1415954167150777,-0.1085145463153083,-1.031077535301299,0,-0.11198085839082317
2020-03-01,2020-03-01,14.429564476013184,1153.0999755859375,0.1066454628727839,-0.2471731014203611,-0.1336999999999999,-0.0469,-0.1383,0.0012,-0.2483731014203611,0.1054454628727838,0.2189243922435049,2.0801637240031856,0,0.20302101386112342
2020-04-01,2020-04-01,16.134016036987305,1310.6600341796875,0.1181221764390392,0.1280769065897224,0.136,0.025,-0.0134,0.0,0.1280769065897224,0.1181221764390392,0.04010250585895271,0.38104377988466726,0,0.0538227379933479
2020-05-01,2020-05-01,15.2882661819458,1394.0400390625,-0.0524202934410513,0.0616751811402117,0.0557,0.024,-0.05,0.0001,0.0615751811402116,-0.0525202934410513,-0.09671080464560342,-0.9189213932780095,0,-0.08822372743614357
2020-06-01,2020-06-01,15.085607528686523,1441.3699951171875,-0.0132558297224443,0.0333880124532906,0.0245,0.0266999999999999,-0.0217,0.0001,0.0332880124532906,-0.0133558297224443,-0.04315677236581683,-0.4100646410409241,0,-0.03689566952207215
2020-07-01,2020-07-01,15.116039276123049,1480.4300537109375,0.0020172702609857,0.0267385755928547,0.0583,-0.0235,-0.0144,0.0001,0.0266385755928547,0.0019172702609856,-0.024501130684577592,-0.232803493136712,0,-0.0187632854408279
2020-08-01,2020-08-01,15.224725723266602,1561.8800048828125,0.0071901405624972,0.0535576046102412,0.0762,-0.002,-0.0302,0.0001,0.0534576046102412,0.0070901405624972,-0.03297099221887467,-0.3132819566392067,0,-0.02512270348158171
2020-09-01,2020-09-01,15.658631324768066,1507.68994140625,0.0285000603221616,-0.0353115877104516,-0.0364,0.0006,-0.0272,0.0001,-0.0354115877104516,0.0284000603221616,0.033546327052163594,0.31874864144805104,0,0.03440131977609
2020-10-01,2020-10-01,14.953838348388672,1538.47998046875,-0.0450098710265045,0.0202162640270378,-0.0208,0.0434,0.0425,0.0001,0.0201162640270378,-0.0451098710265045,-0.06821039839863044,-0.6481178040262237,0,-0.06298580700900114
2020-11-01,2020-11-01,15.072033882141112,1819.8199462890625,0.0079040264444998,0.1679426622590485,0.1245,0.0581,0.0209,0.0001,0.1678426622590485,0.0078040264444997,-0.09044432357410034,-0.8593788888155811,0,-0.07359484390938802
2020-12-01,2020-12-01,15.031120300292969,1974.8599853515625,-0.0027145362177445,0.0817599367627999,0.0463,0.0501,-0.0168,0.0001,0.0816599367627999,-0.0028145362177445,-0.05722208155761464,-0.5437096206972941,0,-0.04715449441263036
2021-01-01,2021-01-01,15.291342735290527,2073.639892578125,0.0173122448492735,0.0488079629625473,-0.0007,0.0713999999999999,0.0322,0.0,0.0488079629625473,0.0173122448492735,-0.020383633989050246,-0.1936800899747097,0,-0.012901234932413585
2021-02-01,2021-02-01,14.81059455871582,2201.050048828125,-0.0314392388488683,0.0596290761074647,0.0281,0.0202,0.072,0.0,0.0596290761074647,-0.0314392388488683,-0.0746397742765617,-0.7092080933822765,0,-0.06630583999787128
2021-03-01,2021-03-01,15.29978847503662,2220.52001953125,0.0330299985177109,0.0088068700685118,0.0316,-0.0233,0.0735,0.0,0.0088068700685118,0.0330299985177109,0.015682514214432067,0.14901124920671668,0,0.02001714657980977
2021-04-01,2021-04-01,15.51746940612793,2266.449951171875,0.0142277085363944,0.0204732976802641,0.0495,-0.0319,-0.0102,0.0,0.0204732976802641,0.0142277085363944,-0.009054440414356473,-0.08603298288544867,0,-0.0038017533263355954
2021-05-01,2021-05-01,16.237144470214844,2268.969970703125,0.0463783781524782,0.0011112619488339,0.003,-0.002,0.0704,0.0,0.0011112619488339,0.0463783781524782,0.0329456186448724,0.31304086341223947,0,0.03667466808349672
2021-06-01,2021-06-01,15.29705047607422,2310.550048828125,-0.0578977415557961,0.0181596414495439,0.0274,0.017,-0.0786,0.0,0.0181596414495439,-0.0578977415557961,-0.08000294291849297,-0.7601675535882821,0,-0.07493232210644553
2021-07-01,2021-07-01,15.919140815734863,2226.25,0.0406673391470886,-0.0371670569425747,0.0134,-0.0393,-0.0179,0.0,-0.0371670569425747,0.0406673391470886,0.04670660599146245,0.4437942545327884,0,0.0474234573003269
2021-08-01,2021-08-01,15.968369483947754,2273.77001953125,0.0030924199228283,0.0211206998213659,0.0294,-0.0032,-0.0023,0.0,0.0211206998213659,0.0030924199228283,-0.020519059884578656,-0.19496687228472065,0,-0.01521542741611509
2021-09-01,2021-09-01,15.783947944641112,2204.3701171875,-0.0115491778601459,-0.0309974484926618,-0.044,0.0066,0.0512,0.0,-0.0309974484926618,-0.0115491778601459,-0.008648365937444797,-0.08217456680189186,0,-0.007446015694133957
2021-10-01,2021-10-01,15.702771186828612,2297.18994140625,-0.0051429945218528,0.0412448044158406,0.0663,-0.0226,-0.0053,0.0,0.0412448044158406,-0.0051429945218528,-0.038991525127787814,-0.3704875244059938,0,-0.03210428627382611
2021-11-01,2021-11-01,15.017300605773926,2198.909912109375,-0.0436528414570325,-0.0437248682957106,-0.0158,-0.0131,-0.0037,0.0,-0.0437248682957106,-0.0436528414570325,-0.03427764244066783,-0.3256974136994306,0,-0.034076838535799174
2021-12-01,2021-12-01,14.871224403381348,2245.31005859375,-0.0097271944024622,0.0208818793194226,0.0323,-0.0163,0.0325,0.0001,0.0207818793194226,-0.0098271944024622,-0.033266317587804656,-0.31608806295258046,0,-0.02798934758811808
2022-01-01,2022-01-01,15.457354545593262,2028.449951171875,0.0394137110915118,-0.1015716918562933,-0.0616,-0.0593,0.1286,0.0,-0.1015716918562933,0.0394137110915118,0.0782153558184481,0.7431823570055578,0,0.07386407648695381
2022-02-01,2022-02-01,14.030657768249512,2048.090087890625,-0.0922988971454036,0.0096357639039541,-0.0227999999999999,0.0216,0.0306,0.0,0.0096357639039541,-0.0922988971454036,-0.11006803639785911,-1.0458384017456674,0,-0.10566817670450047
2022-03-01,2022-03-01,13.12641716003418,2070.1298828125,-0.064447485153659,0.0107036561912689,0.0308,-0.0155,-0.019,0.0,0.0107036561912689,-0.064447485153659,-0.08275985690330595,-0.786363046939367,0,-0.07827596261167355
2022-04-01,2022-04-01,11.431208610534668,1864.0999755859373,-0.1291448023350111,-0.1048330008328284,-0.0941,-0.0135,0.0617999999999999,0.0,-0.1048330008328284,-0.1291448023350111,-0.0886841428923765,-0.8426541010279299,0,-0.09329206120604651
2022-05-01,2022-05-01,10.890573501586914,1864.0400390625,-0.0472946586286178,-3.215357964410743e-05,-0.0034,-0.0184,0.0843999999999999,0.0003,-0.0003321535796441,-0.0475946586286178,-0.06029315848163651,-0.572890210148779,0,-0.05667769432265005
2022-06-01,2022-06-01,14.196310997009276,1707.989990234375,0.3035411766828138,-0.0874289613857588,-0.084,0.0207,-0.06,0.0006,-0.0880289613857588,0.3029411766828138,0.3348536890696359,3.18169432703753,0,0.33156811451767787
2022-07-01,2022-07-01,13.960091590881348,1885.22998046875,-0.0166394922017201,0.098732584180926,0.0957,0.0283999999999999,-0.0415,0.0008,0.097932584180926,-0.0174394922017201,-0.08012486761665509,-0.7613260509652888,0,-0.06877675302065668
2022-08-01,2022-08-01,12.778997421264648,1844.1199951171875,-0.0846050444531598,-0.022047622720424,-0.0377,0.0141,0.0018,0.0019,-0.023947622720424,-0.0865050444531598,-0.08719045045197485,-0.8284614165239331,0,-0.08543333519752258
2022-09-01,2022-09-01,11.32383918762207,1664.719970703125,-0.1138710796843224,-0.1023452727674846,-0.0934,-0.0076,0.0003,0.0019,-0.1042452727674846,-0.1157710796843224,-0.07560939513681417,-0.7184211834306915,0,-0.08017106394343924
2022-10-01,2022-10-01,13.817889213562012,1846.8599853515625,0.2202477432447249,0.1038299682966892,0.0785,0.0001,0.0797,0.0023,0.1015299682966892,0.2179477432447249,0.1534323930469617,1.4578754556883207,0,0.16506359305578272
2022-11-01,2022-11-01,15.301220893859863,1886.5799560546875,0.1073486447439444,0.0212787509820787,0.0465,-0.0356999999999999,0.0148,0.0029,0.0183787509820787,0.1044486447439444,0.08223198324624027,0.781347326118895,0,0.08731984622939731
2022-12-01,2022-12-01,15.832077980041504,1761.25,0.03469377312203,-0.0687418585717219,-0.0638,-0.0076,0.0134,0.0033,-0.0720418585717218,0.03139377312203,0.055173710821602565,0.5242465245356628,0,0.05314619363975355
2023-01-01,2023-01-01,17.130178451538086,1931.93994140625,0.0819917936946126,0.0925008648477374,0.0661,0.0501,-0.0394,0.0034999999999999,0.0890008648477374,0.0784917936946126,0.020349947861468355,0.1933600129842935,0,0.030995207445800893
2023-02-01,2023-02-01,17.668298721313477,1896.989990234375,0.0314135822517991,-0.0182562347687518,-0.0256999999999999,0.0105,-0.008,0.0034,-0.0216562347687518,0.028013582251799,0.026162556448620387,0.24858993689050818,0,0.028099985643247567
2023-03-01,2023-03-01,19.78682327270508,1802.47998046875,0.1199054071253618,-0.0511049307305104,0.0248,-0.0548,-0.0905,0.0036,-0.0547049307305104,0.1163054071253617,0.13126611959343626,1.2472571803018488,0,0.13060288023599295
2023-04-01,2023-04-01,20.152976989746094,1768.989990234375,0.018504926839171,-0.0187547268492592,0.0062,-0.0337,-0.0012,0.0034999999999999,-0.0222547268492592,0.015004926839171,0.013458351542195442,0.12787782291439873,0,0.015348684187710973
2023-05-01,2023-05-01,18.055892944335938,1749.6500244140625,-0.104058276178113,-0.0109929748435296,0.0034,0.016,-0.0779,0.0036,-0.0145929748435295,-0.107658276178113,-0.11310235380221888,-1.0746697116192614,0,-0.11060910243585213
2023-06-01,2023-06-01,28.248096466064453,1888.72998046875,0.5644807240023966,0.0764888533074676,0.0646,0.0149,-0.0013,0.004,0.0724888533074676,0.5604807240023966,0.5107384718073232,4.852906661605395,1,3.3306690738754696e-16
2023-07-01,2023-07-01,30.058198928833008,2003.1800537109373,0.0640787411974148,0.0588313094671717,0.0321,0.0204999999999999,0.0406,0.0045,0.0543313094671717,0.0595787411974148,0.019073158281065303,0.18122828412063385,0,0.02699020061601426
2023-08-01,2023-08-01,32.275333404541016,1899.6800537109373,0.0737613880644474,-0.0530504654520575,-0.0236,-0.0314,-0.0115,0.0045,-0.0575504654520575,0.0692613880644474,0.08566961256252059,0.8140108028882743,0,0.08478245233773912
2023-09-01,2023-09-01,29.7043571472168,1785.0999755859375,-0.0796576204217457,-0.0622110568142313,-0.0523,-0.0250999999999999,0.0149,0.0043,-0.0665110568142313,-0.0839576204217457,-0.06299117925724698,-0.598526115250616,0,-0.06458346649189671
2023-10-01,2023-10-01,27.55409812927246,1662.280029296875,-0.0723886737318537,-0.0712842508059689,-0.0315,-0.0385999999999999,0.002,0.0046999999999999,-0.0759842508059688,-0.0770886737318537,-0.05130325701182374,-0.48747045984947335,0,-0.05364100899129978
2023-11-01,2023-11-01,27.303953170776367,1809.02001953125,-0.0090783213924301,0.084595101391765,0.0888,-0.001,0.0167,0.0044,0.080195101391765,-0.0134783213924301,-0.06714071089024196,-0.6379539062158137,0,-0.057188394595515085
2023-12-01,2023-12-01,32.42926406860352,2027.0699462890625,0.1877131441652488,0.1138061011899491,0.0484999999999999,0.063,0.0489,0.0043,0.1095061011899491,0.1834131441652488,0.11484036735151926,1.091183872969813,0,0.12709922534740997
2024-01-01,2024-01-01,31.40436553955078,1947.3399658203125,-0.0316041254246344,-0.0401270529458351,0.0073,-0.0507,-0.0237999999999999,0.0046999999999999,-0.0448270529458351,-0.0363041254246344,-0.026368249524500197,-0.2505443800219428,0,-0.026254178753110397
2024-02-01,2024-02-01,34.46455764770508,2054.840087890625,0.0974447996505543,0.0537337075840497,0.0507,-0.0024,-0.0343,0.0042,0.0495337075840497,0.0932447996505543,0.05517973745193742,0.5243037880396153,0,0.06271924681683434
2024-03-01,2024-03-01,36.20233917236328,2124.550048828125,0.0504222785164316,0.0333620094192451,0.0283999999999999,-0.025,0.0416,0.0043,0.0290620094192451,0.0461222785164316,0.018471086562892765,0.17550755225263004,0,0.024399636703065913
2024-04-01,2024-04-01,33.62408447265625,1973.9100341796875,-0.0712179035567751,-0.0735436736455233,-0.0465,-0.0237,-0.0045,0.0046999999999999,-0.0782436736455233,-0.0759179035567751,-0.04898312755592404,-0.46542518166144176,0,-0.05149867807642144
2024-05-01,2024-05-01,40.57225036621094,2070.1298828125,0.2066425302733541,0.0475949860464497,0.0433,0.0055,-0.0131,0.0044,0.0431949860464496,0.2022425302733541,0.16740195014167858,1.5906106233461104,0,0.17444265272211892
2024-06-01,2024-06-01,31.23118782043457,2047.68994140625,-0.2302327936326578,-0.0108990507108895,0.0279999999999999,-0.03,-0.0336,0.0040999999999999,-0.0149990507108895,-0.2343327936326578,-0.23957030210171357,-2.2763358923758927,0,-0.23710900566449802
2024-07-01,2024-07-01,31.723365783691406,2254.47998046875,0.0157591816900029,0.0962070391117199,0.0121999999999999,0.0681,0.0562,0.0045,0.0917070391117199,0.0112591816900028,-0.048259284070751265,-0.45854740552931633,0,-0.037401070174608496
2024-08-01,2024-08-01,33.229129791259766,2217.6298828125,0.0474654555205631,-0.0164803338128581,0.016,-0.0349,-0.011,0.0048,-0.0212803338128581,0.0426654555205631,0.04062321041802964,0.38599138176500103,0,0.04259022001715499
2024-09-01,2024-09-01,33.782711029052734,2229.969970703125,0.01665951655281,0.0055491141120559,0.0172,-0.0013,-0.0276,0.004,0.0015491141120559,0.0126595165528099,-0.000995976583321151,-0.009463515405249512,0,0.0027675283252758705
2024-10-01,2024-10-01,33.22447204589844,2196.64990234375,-0.01652439860952,-0.0150546912217416,-0.01,-0.0098999999999999,0.0086,0.0039,-0.0189546912217416,-0.02042439860952,-0.023649688713271385,-0.22471330874175005,0,-0.021499669607293753
2024-11-01,2024-11-01,33.84636688232422,2434.72998046875,0.0187179749784032,0.1029024313005606,0.0649,0.0446,0.0015,0.004,0.0989024313005606,0.0147179749784032,-0.048460757752575134,-0.46046175705486597,0,-0.03703632393032742
2024-12-01,2024-12-01,43.09608459472656,2230.159912109375,0.2732853941033439,-0.087762567040654,-0.0317,-0.0271,-0.03,0.0037,-0.0914625670406539,0.2695853941033439,0.3032445678308612,2.8813525210162845,0,0.29968879592354514
2025-01-01,2025-01-01,41.32581329345703,2287.68994140625,-0.0410773117306844,0.025469256847788,0.0279999999999999,-0.0197,0.0163,0.0037,0.021769256847788,-0.0447773117306844,-0.06871870988024946,-0.6529476500462236,0,-0.06336404115108768
2025-02-01,2025-02-01,43.381290435791016,2163.070068359375,0.0497383349176439,-0.0560140087051453,-0.0243999999999999,-0.0579,0.0491,0.0033,-0.0593140087051453,0.0464383349176439,0.06374366675197185,0.6056760594539631,0,0.06271772975113155
2025-03-01,2025-03-01,45.32503509521485,2011.9100341796875,0.0448060590152517,-0.0724440038944142,-0.0639,-0.0276,0.0289999999999999,0.0034,-0.0758440038944142,0.0414060590152517,0.06712013269732531,0.6377583774765441,0,0.06479341703022987
2025-04-01,2025-04-01,41.54466247558594,1964.1199951171875,-0.0834058398782798,-0.024040231239256,-0.0084,-0.0059,-0.034,0.0034999999999999,-0.027540231239256,-0.0869058398782798,-0.08576370042115414,-0.814904801717701,0,-0.08428929477816846
2025-05-01,2025-05-01,49.51996994018555,2066.2900390625,0.1919694851122297,0.0507104422359693,0.0605999999999999,0.0069999999999999,-0.0288,0.0038,0.0469104422359693,0.1881694851122297,0.15143886741027335,1.438933483668606,0,0.15877194673319878
2025-06-01,2025-06-01,58.42477416992188,2175.0400390625,0.1798224885938402,0.0512923255235203,0.0486,0.0083,-0.0161,0.0034,0.0478923255235203,0.1764224885938402,0.1391923908257921,1.32257058743383,0,0.1466027365252999
2025-07-01,2025-07-01,55.85958480834961,2211.64990234375,-0.043905849838832,0.0166917260016818,0.0197999999999999,0.0027,-0.0127,0.0034,0.0132917260016818,-0.047305849838832,-0.06693476225715586,-0.6359970348450017,0,-0.06224720753140853
2025-08-01,2025-08-01,58.81103515625,2366.419921875,0.0528369546251841,0.0676394324439452,0.0184,0.0387,0.0441999999999999,0.0038,0.0638394324439452,0.0490369546251841,0.0036946279195677403,0.03510541193338489,0,0.012359883631635316
2025-09-01,2025-09-01,60.647254943847656,2436.47998046875,0.0312223680933205,0.0291761351745627,0.0339,-0.0185,-0.0105,0.0033,0.0258761351745627,0.0279223680933205,0.0018918175117953288,0.017975567364341347,0,0.007569664781011509
2025-10-01,2025-10-01,55.03360366821289,2479.3798828125,-0.0925623308232558,0.0174541149010741,0.0196,-0.0055,-0.031,0.0037,0.0137541149010741,-0.0962623308232557,-0.11612645860877925,-1.1034039839939616,0,-0.11140251756779372
2025-11-01,2025-11-01,54.07978439331055,2500.429931640625,-0.0173315794592107,0.0084542080879629,-0.0013,0.0038,0.0375999999999999,0.003,0.0054542080879629,-0.0203315794592107,-0.035973578142294724,-0.3418117620761169,0,-0.03190277351125865
2025-12-01,2025-12-01,48.78089904785156,2481.909912109375,-0.0979827380028245,-0.0074343001121061,-0.0036,-0.0106,0.0242,0.0034,-0.0108343001121061,-0.1013827380028245,-0.10873883829507383,-1.0332087004725796,0,-0.10594980923197782
